-- MedTag Database Dump
-- Generated at: 2026-04-21T03:38:11.318Z

-- Data for table User
INSERT INTO "User" ("id", "email", "password", "role", "fullName", "phoneNumber", "avatarUrl", "isActive", "createdAt", "updatedAt") VALUES ('92fbae6b-f4c0-48d3-90c7-d24fc94ef64f', 'nguoithan@medtag.vn', '$2b$10$dmzX/LBez0.c8igDcfWMsOtTdUJ3NDUhM2RjSAqk/N4j/rmKST/Ta', 'GUARDIAN', 'Người Thân Mẫu', '0901234567', NULL, true, '2026-04-20T15:07:21.928Z', '2026-04-20T15:07:21.928Z');
INSERT INTO "User" ("id", "email", "password", "role", "fullName", "phoneNumber", "avatarUrl", "isActive", "createdAt", "updatedAt") VALUES ('85d8aceb-ba01-4a6f-8b96-b974d0651742', 'bacsi@medtag.vn', '$2b$10$dmzX/LBez0.c8igDcfWMsOtTdUJ3NDUhM2RjSAqk/N4j/rmKST/Ta', 'DOCTOR', 'Bác Sĩ Mẫu', '0912345678', NULL, true, '2026-04-20T15:07:22.183Z', '2026-04-20T15:07:22.183Z');
INSERT INTO "User" ("id", "email", "password", "role", "fullName", "phoneNumber", "avatarUrl", "isActive", "createdAt", "updatedAt") VALUES ('8f839edc-c8b9-49fc-87d6-99076ae37433', 'tdpsince2019@gmail.com', '$2b$10$zAC7uLavYFf91VVeAuVZNOadzq.CvRHjo7HEfvGvTZnD7HSCBNHfK', 'GUARDIAN', 'Trần Đức Phát', '1234567891', NULL, true, '2026-04-20T15:16:25.255Z', '2026-04-20T15:16:25.255Z');

-- Data for table MedicalRecord
INSERT INTO "MedicalRecord" ("id", "patientName", "dateOfBirth", "gender", "avatarUrl", "bloodType", "allergies", "dangerousConditions", "emergencyPhone", "emergencyContactName", "encryptedMedicalData", "dataFreshnessStatus", "dataConfirmedAt", "notes", "guardianId", "createdAt", "updatedAt") VALUES ('04fdce25-6ec2-46dd-af86-4260f5edad8d', 'Ông Nguyễn Văn A', '1950-01-01T00:00:00.000Z', 'MALE', NULL, 'O_POSITIVE', '["Penicillin","Phấn hoa"]', '["Nhồi máu cơ tim","Huyết áp cao"]', '0901234567', 'Nguyễn Văn Con', '420a1056afa382e972061c5da24d03d8:308b16d026a393a939e812423a577f26d78d723212240a8007c6c3a658511d32808777ae9e88f13345b62f411e7b5e9b2a89c0268f6348330d9b05554548a77e1a51a3c94422ca716cd1ca2fec72d65c169a8e21bb58fc1292cacac3a9edf8d5d10f15801420b870e3b8763b1d6a1b11bda48eaaeb02a27a8cef9613c9daf56a853b8529a201a31077adf6238183a41b4a9a2515bb1a0190f6add11c0f46f1f0b02b75eb7b656d6613d8118d38e9da59a34a940ed4d701b9911d6179f008edb2fe119b7878752e54dc8ef3d1d7794f27ff2f2bde6cbc28955a1760e6b50ae3fffe72fd01f816d5f10041c304a7aa6adc791160207483c43e4903f2f0a633bb7780720be9dabfac5eb3b8cf2ae771558246f9acf53911b91fee6d4759ecc2d5b859c65b317a7981e9e7d749c6385feaa919766b9cf8bdb11e8062334ccff07d2ea5c7e955e408877237a93856eb26e2f56b70ca04e455588f0877786228459ccf93d85d8683af4ba3424448256d43f3b73983f322d75e27ef283dbfd86ac43c74b3323f5b7c514f3b45433eda6813a69cf3495abc43e1e50e78f087c5275d2041911e25a8a402be53f2f4f0a705042509e387dd12af69dafa5aed97ecddde7b281fe371d163f7ee6db9ed34de64fb17c08d061282d49f01d17a13cd3acd9204a01f569c702c9524819facabebab9d9a05438d68b1e74187c2429da808e83a3626648cc7657a5b4716d755574cbaa9511a11785697098b2f06a5bbca4c723565f1bc624a0602cbaddd6d1f5ba30ebb0f5c9af1f2a3db16f341c16e730fc8480e4d01e0f654b793af4b7f3e7675859818ead03a98ce454edf789b3e805cc3d62f30e48cd760e8670ef4d93d915d800ee4854402cf5e81cfc1e74e29fb00596e490d70e2020e65c0ba12f4772b8a471db8c91e93347e468c7b7b94cfdddaf429e5b0097648706ab4a667bfc9e9a1a2b9935a0c665e90168dde8f541c80b1877b09e46a191b53fac2b8b05619d825aa7ba8c61bba166f12c9984d9af8e923dc032dc32a42030663cbb3caa697cf5a3bd5bfaa7d33707ea99607f556de883abddb1e9c08341b0ac71ebeb44d170d8a5694c8fcda170ecf236022eb5c69a43137e3e121a01344c1cdc5d65dff1a5e1aa846b34d7e3ab2259eee886a7896c526a23c0b7e4e4b68be365fe18698f3e1e604d31787de00e12c3e550687717abe567b47b20279198530a3fb5af7f31d5810147ce9696ba037190fe3295fb89d70beff8aa96306234502d86fd4a2484cd6f2bc2d449d5a3df843f5934686eea9bf62f56e710a4a77b24fe1988b5d74bbacad2f6e6f2d3ffd81088f7725b089ed8856dbe482c0062a33231562f40c8b74f8c73e85994770800f7d5ca4008f6b9ef4b297e3d9653582382e1de9c10b41d7a4d0ff39909e107f840531972444c95913d0b59e76b2a428d3c1fe67ea994d7e52a58e0ef4f22203a988779c1e06ee4b2fe807a736f404d0cfa8987f392d13354f5044a34d1e6eb1404ebe4a85f79d7cddc8ec35f2fca8f50c18aaec6fde4e70b73ae777e4c81337b5d7b65be68f350c4e21d28881028a2398b975a9e237eefdd5782ab2b9b3bad6bdd7019adecf907c554db50e4cfbb27f656c967e0fa1eb83ea8268fbf3ad8264ae001149c562168d1c7a1dec6e2844d11ab39db400eaebc28ca6a7514cfe', 'FRESH', '2026-04-20T15:07:22.414Z', NULL, '92fbae6b-f4c0-48d3-90c7-d24fc94ef64f', '2026-04-20T15:07:22.414Z', '2026-04-20T15:07:22.414Z');
INSERT INTO "MedicalRecord" ("id", "patientName", "dateOfBirth", "gender", "avatarUrl", "bloodType", "allergies", "dangerousConditions", "emergencyPhone", "emergencyContactName", "encryptedMedicalData", "dataFreshnessStatus", "dataConfirmedAt", "notes", "guardianId", "createdAt", "updatedAt") VALUES ('251ed6b4-6f86-4a44-acb9-0f907ff07b4c', 'Bà Nguyễn Thị B', '1955-05-05T00:00:00.000Z', 'FEMALE', NULL, 'AB_NEGATIVE', '[]', '[]', '0901234567', 'Nguyễn Văn Con', '6f1aa19e273bfd5c19ccd294dada541a:6b6c896699599cfccb40d5bedb1ee53f', 'STALE', '2026-04-20T15:07:22.651Z', NULL, '92fbae6b-f4c0-48d3-90c7-d24fc94ef64f', '2026-04-20T15:07:22.651Z', '2026-04-20T15:07:22.651Z');
INSERT INTO "MedicalRecord" ("id", "patientName", "dateOfBirth", "gender", "avatarUrl", "bloodType", "allergies", "dangerousConditions", "emergencyPhone", "emergencyContactName", "encryptedMedicalData", "dataFreshnessStatus", "dataConfirmedAt", "notes", "guardianId", "createdAt", "updatedAt") VALUES ('e77ffc14-d706-4fdf-ac2e-972404417279', 'Trần Đức Phát', '2006-03-18T00:00:00.000Z', 'MALE', 'https://scontent.fsgn2-11.fna.fbcdn.net/v/t39.30808-6/480309439_1349934839494601_8561883824888835964_n.jpg?_nc_cat=105&ccb=1-7&_nc_sid=53a332&_nc_ohc=C4BAfeDDpwYQ7kNvwFCxAnR&_nc_oc=AdrA21qTcGSgGVHPVxea3k_wIYUBIjamUYc6JmWHS0RW1nVRekPb_QXh5NG_YVz7hYI&_nc_zt=23&_nc_ht=scontent.fsgn2-11.fna&_nc_gid=0AZMDVkgbLL_nEgjYoJO4w&_nc_ss=7a3a8&oh=00_Af3dFc598xMoeZ9BVNs9ujTzP9VNdcxkoWT95Cgx1D0vsA&oe=69ECCA6B', 'A_POSITIVE', '["Đậu phộng","Penicillin"]', '["Hen suyễn","Tiểu đường Type 2"]', '0935594813', 'Trần Đức Thuận (Anh ruột)', '6753a6c6847ce4a99f4e9be26f3c7301:494726b6fc89758669d4cbc1c90d1ae60527dfdc67c26eebb156e930d47a7f08865232410a63ee79ee5d984eae1fead557b81bce410f9749e8c9593ffd2fdfdefbea0a6727c5caf090731e35b3f6884a47f52fb1802863bc93f2621bfd47e1220aca16eae4d5e6d1eacfcaee5eeb3d4813a8fd69e913c1a475acc03517638ceb1476089653b049e9c094469e0416128c82d8755494b0ab0c9f8428115342d53042616a6a308a09c9c8f679415c27377dfbd3fc87cd3095faf3635d729e1cf81a0e4f7f25c5a7bfde023e13b70e178da5610474c0e2cafceeed8cff688b115d5a803d12a14b18950e6175af126c85a2b8f0586b46ef3a2785cb29abdda827f395821193c7a37b9d81709567eacffcf52d107b8e4ef2da671dc0e412d37df37a4b6f935b23d4ca83a34a8bd9a11f88502c0170a4ac555dfcf5d073c10d4b6d274ed845dd29f1e07654fd627cc335cfebdded102484593ad6a0f6b01d5411d229277209b65a7f15e9f3b1b8087fd09155e9f85178cdb39eef0dff67a234f50d8b3c8f19d11a9646689ac7b0d97892b1779b49f366100d24ab5aa157eab0fae86094cd55ce28333c742b829c250aa480e95feac71852d7875952ad9b97f3104bf2618fe6daf9980a04e27e7e7cef5ebd61f3047077a49b2f7d00272dcaf0afa3041e0b7fe8c75b9135053d0daff6878275cecab1880a07f02071a448b14f0057c16939ffe80010be3eae7261ca7f0ddaab5bc3b9236ae4e312b4f8fe3d00ea90dc400a4cb23a1bdc337e3b279941b617ac186353e289beec13faa348d54620ddc9a8e77f4a71a38596446dd739d0880b2b690e19e3b42094451775cc09f3b5f8d69697434ced55b4a04572cb4329f612bb86854c3c890857c1d636e84e1d1b8060fa89729b7fec8e055fcfcbae8b5f5ad661d572ab42d1845a098a558d08b4894234e7a20c364b15e6750760cf5c9c9f0b21c0dc831701c85811b7fdf65faed8ecf25eaaab38124fd13e0768d0d8e409e6be0b390d4255b06711caca344e2cb4eedc490d4589409114bc43c9b0d87fe47699c528a9d5e9888ff69f8fcaeb373e8d29e9d6116a8593764db8e7714787435eb803fbf8d59b9bda4ef855d7b6603d601d8a7fe59ba30aa59e9bceca1bc51f5c7d93342b165105819bf4f019d6f92b90fe3646128a05ee4ef14652c838880f397029df080c8a0c0e729fd8098ecf8dc08124230e1f71236bc91282f04b1918166cc7ddb4b90d4ac745c0da2be4137add9adef1d16fc261eed3dbeeed31ffade18c066307b12bc7c304aab6267ddc5b63c72fa8cf5232f905848063bbf993bb3f2d91686e4c50afafd58b11512d7dbe69688d1989f4320ff301b1d1352a27b62014e2b3cf3787ecc8a579141ff44e99d00c81643e22d203b1e227b849e887ba99e9fc7184fe8ac4578f6d64de42e0d9e00a783c52d367b4c828b58e2bce68f0c040cb3b4a8179f17bb8f556b9b5746fc2f1668e87ad3d4ae401fa9c79ce8ff86b150bd9fe2c5bba8c29e0b4bf56bdc980a089fccb55661686e7df78f6bd8a63c4b7e9cbf1b3c5f1c8f6f6c3093f767adc1fba0eb334fcc565d15810fd74436597454d28c4d991eb4a37f49ef9eade30f08c46577e1abc494ab7bd5074a1e0dfb0c0be346ecaa442a7ac39d9c1c611237f3e02e37998d7354c8945fd041b16c78909b43ece89ca2fc4c2a45c78fc5788d278726fbe78ee3737637afb6193a812bd5de306197998cc85d52a9758f82584d001', 'FRESH', '2026-04-20T15:23:41.642Z', 'Tiền xử bệnh trầm cảm', '8f839edc-c8b9-49fc-87d6-99076ae37433', '2026-04-20T15:23:41.642Z', '2026-04-21T03:15:10.882Z');

-- Data for table Device
INSERT INTO "Device" ("id", "qrCode", "shortId", "label", "isActive", "medicalRecordId", "createdAt", "updatedAt") VALUES ('a9b9f0a3-0a33-4f57-ad31-f0abd462fc58', 'https://medtag.vn/e/X7K9A2', 'X7K9A2', 'Vòng tay Ông A', true, '04fdce25-6ec2-46dd-af86-4260f5edad8d', '2026-04-20T15:07:22.881Z', '2026-04-20T15:07:22.881Z');
INSERT INTO "Device" ("id", "qrCode", "shortId", "label", "isActive", "medicalRecordId", "createdAt", "updatedAt") VALUES ('b5469555-f01e-4dd6-9eab-3fbf44eb3b30', 'https://medtag.vn/e/B3M5T8', 'B3M5T8', 'Thẻ BHYT Ông A', true, '04fdce25-6ec2-46dd-af86-4260f5edad8d', '2026-04-20T15:07:23.112Z', '2026-04-20T15:07:23.112Z');
INSERT INTO "Device" ("id", "qrCode", "shortId", "label", "isActive", "medicalRecordId", "createdAt", "updatedAt") VALUES ('af8acc3a-3a7e-44ae-a13c-36161eb0cb24', 'https://medtag.vn/e/K2P7L4', 'K2P7L4', 'Vòng tay Bà B', true, '251ed6b4-6f86-4a44-acb9-0f907ff07b4c', '2026-04-20T15:07:23.339Z', '2026-04-20T15:07:23.339Z');
INSERT INTO "Device" ("id", "qrCode", "shortId", "label", "isActive", "medicalRecordId", "createdAt", "updatedAt") VALUES ('b3c08157-0c18-4864-9419-65cb52e538eb', 'https://medtag-by-theinspo.vercel.app/e/TDP183', 'TDP183', 'Thẻ y tế cá nhân', true, 'e77ffc14-d706-4fdf-ac2e-972404417279', '2026-04-21T03:11:52.565Z', '2026-04-21T03:11:52.565Z');

-- Data for table EmergencyLog
INSERT INTO "EmergencyLog" ("id", "latitude", "longitude", "status", "bystanderIp", "bystanderUA", "smsStatus", "smsMessageSid", "notes", "medicalRecordId", "deviceId", "resolvedById", "createdAt", "updatedAt") VALUES ('03751c75-bbb1-4718-9b33-2534fc50f809', NULL, NULL, 'TRIGGERED', '::1', 'Mozilla/5.0 (Windows NT 10.0; Win64; x64) AppleWebKit/537.36 (KHTML, like Gecko) Chrome/147.0.0.0 Safari/537.36', 'PENDING', NULL, NULL, '04fdce25-6ec2-46dd-af86-4260f5edad8d', 'a9b9f0a3-0a33-4f57-ad31-f0abd462fc58', NULL, '2026-04-20T15:24:45.511Z', '2026-04-20T15:24:45.511Z');
INSERT INTO "EmergencyLog" ("id", "latitude", "longitude", "status", "bystanderIp", "bystanderUA", "smsStatus", "smsMessageSid", "notes", "medicalRecordId", "deviceId", "resolvedById", "createdAt", "updatedAt") VALUES ('dec74d45-5822-4a2d-8f54-5c2c131fe729', NULL, NULL, 'TRIGGERED', '::1', 'Mozilla/5.0 (Windows NT 10.0; Win64; x64) AppleWebKit/537.36 (KHTML, like Gecko) Chrome/147.0.0.0 Safari/537.36', 'PENDING', NULL, NULL, '04fdce25-6ec2-46dd-af86-4260f5edad8d', 'a9b9f0a3-0a33-4f57-ad31-f0abd462fc58', NULL, '2026-04-20T15:24:49.898Z', '2026-04-20T15:24:49.898Z');
INSERT INTO "EmergencyLog" ("id", "latitude", "longitude", "status", "bystanderIp", "bystanderUA", "smsStatus", "smsMessageSid", "notes", "medicalRecordId", "deviceId", "resolvedById", "createdAt", "updatedAt") VALUES ('82aaa327-dfdc-4639-8693-6072446f634d', NULL, NULL, 'TRIGGERED', '::1', 'Mozilla/5.0 (iPhone; CPU iPhone OS 17_7 like Mac OS X) AppleWebKit/605.1.15 (KHTML, like Gecko) Version/17.7 Mobile/15E148 Safari/604.1', 'PENDING', NULL, NULL, 'e77ffc14-d706-4fdf-ac2e-972404417279', NULL, NULL, '2026-04-20T19:01:56.918Z', '2026-04-20T19:01:56.918Z');

-- Data for table AuditLog
INSERT INTO "AuditLog" ("id", "action", "targetType", "targetId", "userId", "ipAddress", "userAgent", "metadata", "createdAt") VALUES ('7f684c5b-4468-4d48-a8cc-83c76d201fdd', 'VIEW_MEDICAL_RECORD', 'MedicalRecord', 'X7K9A2', '85d8aceb-ba01-4a6f-8b96-b974d0651742', '::1', 'Mozilla/5.0 (iPhone; CPU iPhone OS 18_5 like Mac OS X) AppleWebKit/605.1.15 (KHTML, like Gecko) Version/18.5 Mobile/15E148 Safari/604.1', NULL, '2026-04-20T15:20:58.252Z');
INSERT INTO "AuditLog" ("id", "action", "targetType", "targetId", "userId", "ipAddress", "userAgent", "metadata", "createdAt") VALUES ('f6c31b37-70ae-4f67-be07-b4ebcd0ff5bc', 'VIEW_MEDICAL_RECORD', 'MedicalRecord', 'X7K9A2', '85d8aceb-ba01-4a6f-8b96-b974d0651742', '::1', 'Mozilla/5.0 (iPhone; CPU iPhone OS 18_5 like Mac OS X) AppleWebKit/605.1.15 (KHTML, like Gecko) Version/18.5 Mobile/15E148 Safari/604.1', NULL, '2026-04-20T15:20:59.109Z');
INSERT INTO "AuditLog" ("id", "action", "targetType", "targetId", "userId", "ipAddress", "userAgent", "metadata", "createdAt") VALUES ('1acfd58a-1668-4a1c-af50-24ca66ff5d82', 'VIEW_MEDICAL_RECORD', 'MedicalRecord', 'X7K9A2', '85d8aceb-ba01-4a6f-8b96-b974d0651742', '::1', 'Mozilla/5.0 (iPhone; CPU iPhone OS 18_5 like Mac OS X) AppleWebKit/605.1.15 (KHTML, like Gecko) Version/18.5 Mobile/15E148 Safari/604.1', NULL, '2026-04-20T15:21:36.845Z');
INSERT INTO "AuditLog" ("id", "action", "targetType", "targetId", "userId", "ipAddress", "userAgent", "metadata", "createdAt") VALUES ('26303bd2-7a4b-48c8-9f8a-85b2134995a1', 'VIEW_MEDICAL_RECORD', 'MedicalRecord', 'X7K9A2', '85d8aceb-ba01-4a6f-8b96-b974d0651742', '::1', 'Mozilla/5.0 (iPhone; CPU iPhone OS 18_5 like Mac OS X) AppleWebKit/605.1.15 (KHTML, like Gecko) Version/18.5 Mobile/15E148 Safari/604.1', NULL, '2026-04-20T15:21:38.646Z');
INSERT INTO "AuditLog" ("id", "action", "targetType", "targetId", "userId", "ipAddress", "userAgent", "metadata", "createdAt") VALUES ('bb85afda-55a2-494c-beba-ad717b6add1f', 'VIEW_MEDICAL_RECORD', 'MedicalRecord', 'X7K9A2', '85d8aceb-ba01-4a6f-8b96-b974d0651742', '::1', 'Mozilla/5.0 (iPhone; CPU iPhone OS 18_5 like Mac OS X) AppleWebKit/605.1.15 (KHTML, like Gecko) Version/18.5 Mobile/15E148 Safari/604.1', NULL, '2026-04-20T15:21:39.842Z');
INSERT INTO "AuditLog" ("id", "action", "targetType", "targetId", "userId", "ipAddress", "userAgent", "metadata", "createdAt") VALUES ('316a45f6-ca0b-43e1-8a20-a8be3dd0d306', 'VIEW_MEDICAL_RECORD', 'MedicalRecord', 'X7K9A2', '85d8aceb-ba01-4a6f-8b96-b974d0651742', '::1', 'Mozilla/5.0 (iPhone; CPU iPhone OS 18_5 like Mac OS X) AppleWebKit/605.1.15 (KHTML, like Gecko) Version/18.5 Mobile/15E148 Safari/604.1', NULL, '2026-04-20T15:21:40.730Z');
INSERT INTO "AuditLog" ("id", "action", "targetType", "targetId", "userId", "ipAddress", "userAgent", "metadata", "createdAt") VALUES ('7f7b7874-8aed-48ff-b0f2-6f94d991d7e7', 'VIEW_MEDICAL_RECORD', 'MedicalRecord', 'TDP183', '85d8aceb-ba01-4a6f-8b96-b974d0651742', '::1', 'Mozilla/5.0 (iPhone; CPU iPhone OS 18_5 like Mac OS X) AppleWebKit/605.1.15 (KHTML, like Gecko) Version/18.5 Mobile/15E148 Safari/604.1', NULL, '2026-04-20T16:27:04.277Z');
INSERT INTO "AuditLog" ("id", "action", "targetType", "targetId", "userId", "ipAddress", "userAgent", "metadata", "createdAt") VALUES ('09bec8ad-638c-4442-a5d7-94fdd4a070c6', 'VIEW_MEDICAL_RECORD', 'MedicalRecord', 'TDP183', '85d8aceb-ba01-4a6f-8b96-b974d0651742', '::1', 'Mozilla/5.0 (iPhone; CPU iPhone OS 18_5 like Mac OS X) AppleWebKit/605.1.15 (KHTML, like Gecko) Version/18.5 Mobile/15E148 Safari/604.1', NULL, '2026-04-20T16:27:05.152Z');
INSERT INTO "AuditLog" ("id", "action", "targetType", "targetId", "userId", "ipAddress", "userAgent", "metadata", "createdAt") VALUES ('28ad71fd-8107-46b4-a42c-084147a8072f', 'VIEW_MEDICAL_RECORD', 'MedicalRecord', 'TDP183', '85d8aceb-ba01-4a6f-8b96-b974d0651742', '::1', 'Mozilla/5.0 (iPhone; CPU iPhone OS 18_5 like Mac OS X) AppleWebKit/605.1.15 (KHTML, like Gecko) Version/18.5 Mobile/15E148 Safari/604.1', NULL, '2026-04-20T16:30:57.621Z');
INSERT INTO "AuditLog" ("id", "action", "targetType", "targetId", "userId", "ipAddress", "userAgent", "metadata", "createdAt") VALUES ('54195d22-4e4d-48ad-a1ce-96d6d430ac95', 'VIEW_MEDICAL_RECORD', 'MedicalRecord', 'TDP183', '85d8aceb-ba01-4a6f-8b96-b974d0651742', '::1', 'Mozilla/5.0 (iPhone; CPU iPhone OS 18_5 like Mac OS X) AppleWebKit/605.1.15 (KHTML, like Gecko) Version/18.5 Mobile/15E148 Safari/604.1', NULL, '2026-04-20T16:30:58.474Z');
INSERT INTO "AuditLog" ("id", "action", "targetType", "targetId", "userId", "ipAddress", "userAgent", "metadata", "createdAt") VALUES ('7188b2f3-1d72-4b55-a0de-6ff9a602900d', 'VIEW_MEDICAL_RECORD', 'MedicalRecord', 'TDP183', '85d8aceb-ba01-4a6f-8b96-b974d0651742', '::1', 'Mozilla/5.0 (iPhone; CPU iPhone OS 18_5 like Mac OS X) AppleWebKit/605.1.15 (KHTML, like Gecko) Version/18.5 Mobile/15E148 Safari/604.1', NULL, '2026-04-20T16:33:30.799Z');
INSERT INTO "AuditLog" ("id", "action", "targetType", "targetId", "userId", "ipAddress", "userAgent", "metadata", "createdAt") VALUES ('3504f8ec-768f-45d9-ab5d-6fe02ae26444', 'VIEW_MEDICAL_RECORD', 'MedicalRecord', 'TDP183', '85d8aceb-ba01-4a6f-8b96-b974d0651742', '::1', 'Mozilla/5.0 (iPhone; CPU iPhone OS 18_5 like Mac OS X) AppleWebKit/605.1.15 (KHTML, like Gecko) Version/18.5 Mobile/15E148 Safari/604.1', NULL, '2026-04-20T16:33:31.684Z');
INSERT INTO "AuditLog" ("id", "action", "targetType", "targetId", "userId", "ipAddress", "userAgent", "metadata", "createdAt") VALUES ('eeafe8a8-f9e6-44db-b54c-4ebc1e015d1e', 'VIEW_MEDICAL_RECORD', 'MedicalRecord', 'TDP183', '85d8aceb-ba01-4a6f-8b96-b974d0651742', '::1', 'Mozilla/5.0 (iPhone; CPU iPhone OS 18_3 like Mac OS X) AppleWebKit/605.1.15 (KHTML, like Gecko) Mobile/15E148 [FBAN/FBIOS;FBAV/557.0.0.39.107;FBBV/938924828;FBDV/iPhone13,3;FBMD/iPhone;FBSN/iOS;FBSV/18.3;FBSS/3;FBCR/;FBID/phone;FBLC/en_US;FBOP/80]', NULL, '2026-04-20T16:36:03.264Z');
INSERT INTO "AuditLog" ("id", "action", "targetType", "targetId", "userId", "ipAddress", "userAgent", "metadata", "createdAt") VALUES ('c3e3a77d-da85-4ca9-8ffb-d01c042c5e83', 'VIEW_MEDICAL_RECORD', 'MedicalRecord', 'TDP183', '85d8aceb-ba01-4a6f-8b96-b974d0651742', '::1', 'Mozilla/5.0 (Windows NT 10.0; Win64; x64) AppleWebKit/537.36 (KHTML, like Gecko) Chrome/147.0.0.0 Safari/537.36', NULL, '2026-04-20T16:36:59.531Z');
INSERT INTO "AuditLog" ("id", "action", "targetType", "targetId", "userId", "ipAddress", "userAgent", "metadata", "createdAt") VALUES ('3150afc1-4771-4325-b5e6-ccac24609240', 'VIEW_MEDICAL_RECORD', 'MedicalRecord', 'TDP183', '85d8aceb-ba01-4a6f-8b96-b974d0651742', '::1', 'Mozilla/5.0 (iPhone; CPU iPhone OS 18_5 like Mac OS X) AppleWebKit/605.1.15 (KHTML, like Gecko) Version/18.5 Mobile/15E148 Safari/604.1', NULL, '2026-04-20T16:56:12.401Z');
INSERT INTO "AuditLog" ("id", "action", "targetType", "targetId", "userId", "ipAddress", "userAgent", "metadata", "createdAt") VALUES ('f0ec43bf-3f3b-4bde-8ff2-5a076673a2fe', 'VIEW_MEDICAL_RECORD', 'MedicalRecord', 'TDP183', '85d8aceb-ba01-4a6f-8b96-b974d0651742', '::1', 'Mozilla/5.0 (iPhone; CPU iPhone OS 18_5 like Mac OS X) AppleWebKit/605.1.15 (KHTML, like Gecko) Version/18.5 Mobile/15E148 Safari/604.1', NULL, '2026-04-21T03:06:28.029Z');
INSERT INTO "AuditLog" ("id", "action", "targetType", "targetId", "userId", "ipAddress", "userAgent", "metadata", "createdAt") VALUES ('21beeb1a-7e58-4a6d-aaad-f65e33ff9ba8', 'VIEW_MEDICAL_RECORD', 'MedicalRecord', 'TDP183', '85d8aceb-ba01-4a6f-8b96-b974d0651742', '::1', 'Mozilla/5.0 (iPhone; CPU iPhone OS 18_5 like Mac OS X) AppleWebKit/605.1.15 (KHTML, like Gecko) Version/18.5 Mobile/15E148 Safari/604.1', NULL, '2026-04-21T03:06:28.959Z');
INSERT INTO "AuditLog" ("id", "action", "targetType", "targetId", "userId", "ipAddress", "userAgent", "metadata", "createdAt") VALUES ('2371d024-fdf0-463e-abad-b2622e675c01', 'VIEW_MEDICAL_RECORD', 'MedicalRecord', 'TDP183', '85d8aceb-ba01-4a6f-8b96-b974d0651742', '::1', 'Mozilla/5.0 (iPhone; CPU iPhone OS 18_5 like Mac OS X) AppleWebKit/605.1.15 (KHTML, like Gecko) Version/18.5 Mobile/15E148 Safari/604.1', NULL, '2026-04-21T03:08:52.935Z');
INSERT INTO "AuditLog" ("id", "action", "targetType", "targetId", "userId", "ipAddress", "userAgent", "metadata", "createdAt") VALUES ('bbc44de5-6495-4f87-9d10-7109739b2e35', 'VIEW_MEDICAL_RECORD', 'MedicalRecord', 'TDP183', '85d8aceb-ba01-4a6f-8b96-b974d0651742', '::1', 'Mozilla/5.0 (iPhone; CPU iPhone OS 18_5 like Mac OS X) AppleWebKit/605.1.15 (KHTML, like Gecko) Version/18.5 Mobile/15E148 Safari/604.1', NULL, '2026-04-21T03:08:54.282Z');
INSERT INTO "AuditLog" ("id", "action", "targetType", "targetId", "userId", "ipAddress", "userAgent", "metadata", "createdAt") VALUES ('fadd07e6-a830-4b29-bfb4-a279d8097111', 'VIEW_MEDICAL_RECORD', 'MedicalRecord', 'TDP183', '85d8aceb-ba01-4a6f-8b96-b974d0651742', '::1', 'Mozilla/5.0 (iPhone; CPU iPhone OS 18_5 like Mac OS X) AppleWebKit/605.1.15 (KHTML, like Gecko) Version/18.5 Mobile/15E148 Safari/604.1', NULL, '2026-04-21T03:26:00.932Z');
INSERT INTO "AuditLog" ("id", "action", "targetType", "targetId", "userId", "ipAddress", "userAgent", "metadata", "createdAt") VALUES ('1b1c9491-0702-441c-bf56-024d841fe78b', 'VIEW_MEDICAL_RECORD', 'MedicalRecord', 'TDP183', '85d8aceb-ba01-4a6f-8b96-b974d0651742', '::1', 'Mozilla/5.0 (iPhone; CPU iPhone OS 18_5 like Mac OS X) AppleWebKit/605.1.15 (KHTML, like Gecko) Version/18.5 Mobile/15E148 Safari/604.1', NULL, '2026-04-21T03:26:02.140Z');

